datetime,Actual,Trend,Seasonal,Residual
2011-01-01,985.0,1407.1137386239855,-360.0376113709197,-62.076127253065806
2011-01-02,803.5,1391.0425332763637,-534.6250031755052,-52.91753010085836
2011-01-03,1352.0,1374.2198298116639,-50.61451255586506,28.39468274420119
2011-01-04,1563.5,1357.0772963949369,97.52982923750159,108.89287436756149
2011-01-05,1602.0,1340.0619457273606,189.86877906759034,72.06927520504905
2011-01-06,1607.5,1323.287305008398,319.85581374154157,-35.64311874993973
2011-01-07,1511.0,1306.1137289677579,219.53729616783718,-14.651025135595091
2011-01-08,959.0,1284.3944522739855,-286.0711886621042,-39.3232636118812
2011-01-09,822.0,1259.1934816950086,-398.8765683260835,-38.31691336892504
2011-01-10,1321.0,1245.127554116466,-1.991878657159039,77.86432454069313
2011-01-11,1272.0,1245.0487772005015,6.611241321567859,20.339981477930678
2011-01-12,1168.0,1246.8784056469426,122.56050394106535,-201.43890958800785
2011-01-13,1406.0,1242.1369705888546,243.01307838089122,-79.15004896974597
2011-01-14,1425.5,1241.4533819057035,201.04902600062556,-17.002407906329154
2011-01-15,1248.0,1257.0807504037907,-225.28006940921927,216.1993190054286
2011-01-16,1204.0,1284.1585747565935,-272.15450309229175,191.99592833569818
2011-01-17,1000.0,1305.9928041107426,51.283286756304804,-357.2760908670474
2011-01-18,725.0,1312.9297501811327,-59.98085328412482,-527.9488968970079
2011-01-19,1652.5,1307.6079594300593,57.55019574741193,287.34184482252886
2011-01-20,1927.0,1295.6200955154343,162.90352444747725,468.4763800370886
2011-01-21,1543.0,1273.7902082356495,183.45050132172847,85.75929044262193
2011-01-22,983.5,1234.138999051119,-169.31969430865226,-81.31930474246678
2011-01-23,990.0,1182.4993898666373,-139.13777127419726,-53.36161859243998
2011-01-24,1417.0,1136.2825067165097,97.44573723190484,183.2717560515855
2011-01-25,1986.5,1103.426182752618,-148.83878159628034,1031.9125988436626
2011-01-26,671.1739130434783,1089.9359923344796,27.496504201814766,-446.2585834928161
2011-01-27,826.8260869565217,1093.3564077653407,108.79191418454573,-375.32223499336465
2011-01-28,1169.5,1107.62663087562,175.9048276902616,-114.03145856588174
2011-01-29,1100.5,1140.6102453195747,-223.32046161931478,183.21021629974007
2011-01-30,1099.0,1207.490765930381,-77.45031299969683,-31.040452930684296
2011-01-31,1501.0,1289.7568642720805,168.22243660368474,43.020699124234625
2011-02-01,1362.5,1361.2079752698264,-106.15944588120418,107.45147061137777
2011-02-02,1526.0,1418.006166330395,25.377440638664133,82.6163930309408
2011-02-03,1551.5,1461.3247887302398,36.09411205515803,54.08109921460209
2011-02-04,1712.0,1492.7300243534537,143.39427382749622,75.87570181905016
2011-02-05,1005.0,1513.97186745938,-246.33563043719687,-262.6362370221832
2011-02-06,1623.0,1528.1867416828325,-55.161556863098326,149.97481518026575
2011-02-07,1712.0,1541.5458451423483,102.0133588767097,68.44079598094208
2011-02-08,1530.0,1558.3976639194905,-28.78076817046692,0.3831042509764302
2011-02-09,1609.5,1584.207937126386,98.38807276641458,-73.09600989280057
2011-02-10,1540.0,1618.872768623728,94.24156491580476,-173.1143335395327
2011-02-11,1753.0,1660.1075751865721,40.013986583281294,52.87843823014646
2011-02-12,1472.0,1709.5498749651183,-214.7028846816307,-22.846990283487685
2011-02-13,1592.5,1769.112040618746,42.0362184997124,-218.64825911845855
2011-02-14,1913.0,1816.5151934787534,-89.01411961622249,185.49892613746897
2011-02-15,1817.0,1831.0998130108355,-67.34227060550874,53.24245759467317
2011-02-16,2120.0,1818.5922959775253,181.36140556805475,120.04629845441991
2011-02-17,2475.0,1795.5637593950228,91.37669884547111,588.0595417595059
2011-02-18,2927.0,1774.9715947313439,-50.032727976746344,1202.0611332454023
2011-02-19,1635.0,1753.1402165182687,-99.31323577099583,-18.826980747272955
2011-02-20,1813.5,1722.014530972683,194.02489404276403,-102.53942501544702
2011-02-21,1107.0,1689.740100949745,-232.9596174038068,-349.7804835459383
2011-02-22,1477.0,1673.5898320959955,-66.95891731142524,-129.63091478457022
2011-02-23,1922.0,1689.566124952478,182.0550438752422,50.37883117227966
2011-02-24,1810.0,1726.3455965515493,30.07708219847611,53.5773212499746
2011-02-25,1465.0,1768.304150044157,-119.82104895927063,-183.48310108488636
2011-02-26,1969.0,1809.8322379591834,15.588372231909508,143.57938980890708
2011-02-27,2404.5,1848.084645293451,301.07844889561716,255.33690581093197
2011-02-28,1453.5,1879.7783870595467,-304.9267559605962,-121.35163109895052
2011-03-01,1851.0,1906.5528509566923,-59.87229519251987,4.319444235827632
2011-03-02,2134.0,1933.826308587115,90.9093653596799,109.2643260532052
2011-03-03,1685.0,1961.299688373086,-3.0510004135643047,-273.2486879595217
2011-03-04,1944.0,1982.427344260448,-123.14033535083591,84.71299109038773
2011-03-05,2077.0,2001.5877392308953,113.86963585621706,-38.45737508711227
2011-03-06,607.5,2015.713574260818,306.27977685409854,-1714.4933511149165
2011-03-07,1873.5,2023.4277922399851,-293.9366668966701,144.00887465668484
2011-03-08,2133.0,2037.500581861103,-36.37035183982219,131.86976997871898
2011-03-09,1891.0,2058.4534758302584,-45.59012929656927,-121.86334653368908
2011-03-10,627.0,2074.2680959054173,-50.28007377790848,-1396.9880221275089
2011-03-11,1981.5,2091.6802548654077,-6.875933459987648,-103.30432140542007
2011-03-12,2132.0,2121.117858883854,218.0297712147572,-207.147630098611
2011-03-13,2445.0,2170.564974935665,205.19002759933863,69.24499746499669
2011-03-14,2051.5,2248.632263225628,-238.04546214768814,40.913198922060474
2011-03-15,2058.5,2332.695765517751,64.53222669497973,-338.7279922127309
2011-03-16,2195.0,2391.51623295976,-180.0467343577043,-16.469498602055864
2011-03-17,2744.0,2432.1419844340126,-96.52092679054492,408.3789423565322
2011-03-18,3246.5,2461.0103344332024,37.19582952982772,748.2938360369699
2011-03-19,3117.0,2473.595200538138,259.8956593244025,383.5091401374593
2011-03-20,2471.0,2471.303324341539,48.60205560956451,-48.90537995110344
2011-03-21,2078.5,2444.6379950031906,-115.80029656344993,-250.3376984397405
2011-03-22,2703.0,2379.2399902239094,75.56379828661377,248.1962114894768
2011-03-23,2127.5,2294.19317387312,-240.9270843829276,74.23391050980763
2011-03-24,1865.0,2222.211067264728,-96.19566892416826,-261.01539834055984
2011-03-25,2210.0,2163.9820079647247,63.237385033238645,-17.219392997963496
2011-03-26,2496.0,2112.442022145044,210.57256473310852,172.98541312184716
2011-03-27,1697.0,2072.317752545157,77.85251890874248,-453.17027145389943
2011-03-28,2033.0,2051.2672832816365,89.0740045983703,-107.3412878800068
2011-03-29,2425.0,2062.764777155481,-102.6015853947268,464.8368082392458
2011-03-30,1536.0,2108.2564315850145,-231.57192083061747,-340.684510754397
2011-03-31,1685.0,2171.1063981306615,-33.3908247316719,-452.7155733989896
2011-04-01,2227.0,2254.7276357749324,52.06202814435369,-79.78966391928589
2011-04-02,2252.0,2358.2800920261357,8.037143762774882,-114.3172357889107
2011-04-03,3249.0,2469.4734140674113,133.76921417493162,645.757371757657
2011-04-04,3115.0,2568.0582877141283,271.70233513750225,275.2393771483694
2011-04-05,1795.0,2644.175816763665,-288.8298995207712,-560.3459172428938
2011-04-06,2808.0,2705.397666596218,-224.71534393362685,327.3176773374089
2011-04-07,3141.0,2746.5448257632215,99.6173231988314,294.8378510379471
2011-04-08,1471.0,2762.1698000354,33.58677151519785,-1324.7565715505978
2011-04-09,2455.0,2764.1256386478503,-101.45686491108572,-207.6687737367647
2011-04-10,2895.0,2771.9347323100083,246.55369804649547,-123.48843035650361
2011-04-11,3353.0,2786.6693491405704,275.6711846402401,290.65946621918965
2011-04-12,2034.0,2823.542231078092,-483.5068117747048,-306.03541930338724
2011-04-13,2162.0,2895.045138205375,-179.86077637807867,-553.1843618272965
2011-04-14,3267.0,2991.409551007559,224.17690670253057,51.41354228991031
2011-04-15,3126.0,3103.318325022653,60.97710332363139,-38.29542834628455
2011-04-16,795.0,3230.57710970616,-51.71120361657393,-2383.865906089586
2011-04-17,3744.0,3376.4280149284496,224.95223383955573,142.61975123199454
2011-04-18,3429.0,3524.1857496095895,152.56563358342353,-247.75138319301323
2011-04-19,3204.0,3648.6304079132506,-380.63876110802397,-63.99164680522654
2011-04-20,3944.0,3754.5514014912915,-224.83056632012912,414.27916482883757
2011-04-21,4189.0,3856.278206869747,144.69945718904853,188.02233594120435
2011-04-22,1683.0,3948.4886694005177,104.58159794724585,-2370.0702673477635
2011-04-23,4036.0,4028.3180019319416,91.39151695540221,-83.70951888734362
2011-04-24,4191.0,4096.708159981946,112.4420727502678,-18.15023273221368
2011-04-25,4073.0,4150.759640610584,-23.286326861084593,-54.47331374949954
2011-04-26,4400.0,4204.951585572334,-133.12420752434016,328.172621952006
2011-04-27,3872.0,4269.838255952718,-257.2902124663397,-140.54804348637845
2011-04-28,4058.0,4326.249562082728,65.80959949104076,-334.0591615737685
2011-04-29,4595.0,4368.937747298933,112.604397905475,113.45785479559254
2011-04-30,5312.0,4396.703276709412,227.66557138409985,687.6311519064875
2011-05-01,3351.0,4417.934564935142,34.75040104553069,-1101.6849659806726
2011-05-02,4401.0,4438.01966249871,-132.959886589578,95.94022409086756
2011-05-03,4451.0,4460.318934355491,24.23822830577858,-33.55716266127001
2011-05-04,2633.0,4470.376359524743,-330.9892132770434,-1506.3871462476995
2011-05-05,4433.0,4462.229114378685,61.97457486926952,-91.20368924795457
2011-05-06,4608.0,4462.374084411311,104.4013220253658,41.22459356332365
2011-05-07,4714.0,4478.800565696497,325.0263497259951,-89.82691542249177
2011-05-08,4333.0,4495.119844998,4.3666269494581345,-166.48647194745809
2011-05-09,4362.0,4507.433496924009,-194.6244994392681,49.19100251525924
2011-05-10,4803.0,4508.228997908957,24.50465921544208,270.26634287560046
2011-05-11,4182.0,4494.643208074329,-403.86447633324036,91.22126825891155
2011-05-12,4864.0,4472.422563607393,130.5414027162084,261.0360336763979
2011-05-13,4105.0,4447.575347397826,149.67495696201183,-492.2503043598376
2011-05-14,3409.0,4419.565278251594,309.9675640490892,-1320.5328423006827
2011-05-15,4553.0,4389.849801526597,53.141012743233624,110.00918573016952
2011-05-16,3958.0,4366.041785929617,-262.00604710881066,-146.03573882080582
2011-05-17,4123.0,4363.054504372947,-55.08147542229014,-184.97302895065695
2011-05-18,3855.0,4384.793101644896,-452.324296815977,-77.46880482891902
2011-05-19,4575.0,4422.099596163695,209.61968899199977,-56.719285155695616
2011-05-20,4917.0,4462.026235449136,202.08345839754753,252.8903061533165
2011-05-21,5805.0,4498.496511039904,319.42288890908156,987.0806000510138
2011-05-22,4660.0,4524.34532323443,160.47745984888286,-24.82278308331297
2011-05-23,4274.0,4538.451231661868,-318.3271725993561,53.87594093748794
2011-05-24,4492.0,4543.330522900511,-141.83960630531277,90.50908340480146
2011-05-25,4978.0,4534.642914016246,-481.9446404365353,925.301726420289
2011-05-26,4677.0,4512.246263507745,129.74578287145422,35.007953620800436
2011-05-27,4679.0,4488.2485984548175,296.3519523367969,-105.6005507916143
2011-05-28,4758.0,4477.609827786834,364.3722663575606,-83.98209414439498
2011-05-29,4788.0,4490.494453845871,160.20157518242445,137.30397097170408
2011-05-30,4098.0,4532.110911197201,-274.6457788241829,-159.4651323730177
2011-05-31,3982.0,4587.192198328974,-81.68452095372999,-523.5076773752439
2011-06-01,3974.0,4637.127568994724,-414.8480385774563,-248.27953041726778
2011-06-02,4968.0,4681.899215615671,-117.57637152650311,403.67715591083197
2011-06-03,5312.0,4722.765943004058,270.8021911256755,318.43186587026685
2011-06-04,5342.0,4754.603817466918,420.5756907257565,166.8204918073252
2011-06-05,4906.0,4764.656006229234,108.21149494115743,33.132498829609176
2011-06-06,4548.0,4740.353083636905,-261.6725614664588,69.31947782955467
2011-06-07,4833.0,4689.721513450978,10.67896220185365,132.59952434716888
2011-06-08,4401.0,4635.757225902775,-272.98029163443726,38.223065731662246
2011-06-09,3915.0,4605.018482937482,-240.76776895595552,-449.25071398152613
2011-06-10,4586.0,4598.519764702624,214.42955942740087,-226.94932413002516
2011-06-11,4966.0,4602.979729482306,423.6723041252294,-60.652033607535486
2011-06-12,4460.0,4611.088948173963,77.13668900738507,-228.22563718134825
2011-06-13,5020.0,4623.423166736567,-316.1080093664334,712.6848426298666
2011-06-14,4891.0,4644.903542807441,73.89371493100799,172.20274226155107
2011-06-15,5180.0,4670.835069786502,-124.33533692178389,633.5002671352822
2011-06-16,3767.0,4692.387497959602,-252.26609607894542,-673.1214018806568
2011-06-17,4844.0,4700.05618476562,158.7597558746658,-14.81594064028559
2011-06-18,5119.0,4692.760561821981,367.8030772993826,58.43636087863615
2011-06-19,4744.0,4682.860332698667,62.01660815359113,-0.8769408522575759
2011-06-20,4010.0,4691.57339030933,-358.1116722838957,-323.4617180254336
2011-06-21,4835.0,4724.778948543171,12.323652024905595,97.89739943192308
2011-06-22,4507.0,4772.671926584469,2.550247903926767,-268.22217448839547
2011-06-23,4790.0,4819.129776994479,-122.75105317364887,93.62127617917031
2011-06-24,4991.0,4870.993130445297,88.75170708312783,31.255162471575204
2011-06-25,5202.0,4934.369300572971,362.8973937018872,-95.26669427485831
2011-06-26,5305.0,5000.0200016822455,86.68707073267657,218.29292758507836
2011-06-27,4708.0,5043.224497573117,-443.1723179365364,107.94782036341894
2011-06-28,4648.0,5053.118813544782,-98.53794243418895,-306.58087111059285
2011-06-29,5225.0,5034.520854747407,-20.566501009102,211.04564626169486
2011-06-30,5515.0,4999.867078213248,97.3074024813396,417.82551930541285
2011-07-01,5362.0,4959.664135363847,-91.95293933317735,494.28880396933073
2011-07-02,5119.0,4909.884800147731,473.7672775189473,-264.65207766667845
2011-07-03,4649.0,4848.406208201458,167.00541920386866,-366.4116274053267
2011-07-04,6043.0,4775.936629922812,-417.0032765957188,1684.0666466729062
2011-07-05,4665.0,4697.718809856068,-193.43903733680474,160.72022748073687
2011-07-06,4629.0,4634.653288567551,-77.08262058650591,71.42933201895539
2011-07-07,4592.0,4596.770689634774,153.08328686565653,-157.85397650042978
2011-07-08,4040.0,4572.99009775563,-342.220933866212,-190.76916388941754
2011-07-09,5336.0,4553.626807122775,749.9911845716649,32.38200830555979
2011-07-10,4881.0,4546.899291728881,139.15087613974057,194.94983213137857
2011-07-11,4086.0,4571.369419885504,-349.7212828753065,-135.6481370101974
2011-07-12,4258.0,4628.942100086437,-100.29859198618243,-270.6435081002546
2011-07-13,4342.0,4678.864371591671,-34.65368422823216,-302.2106873634393
2011-07-14,5084.0,4688.328882673349,84.96021168439513,310.71090564225597
2011-07-15,5538.0,4670.17740155327,-518.3744380791649,1386.1970365258949
2011-07-16,5923.0,4642.176902346515,638.4734478952602,642.3496497582246
2011-07-17,5302.0,4614.096128166085,61.22793033883457,626.6759414950802
2011-07-18,4458.0,4569.478015092307,-290.1238943594905,178.64587926718377
2011-07-19,4541.0,4472.628834359165,78.15871915945159,-9.787553518616733
2011-07-20,4332.0,4337.984963266806,89.2631975989865,-95.24816086579176
2011-07-21,3784.0,4235.266239648223,64.39884414213316,-515.6650837903562
2011-07-22,3387.0,4177.222062815778,-564.7885277856745,-225.43353503010394
2011-07-23,3285.0,4145.447233913726,469.5314829861117,-1329.9787168998382
2011-07-24,3606.0,4128.220982867221,-74.70505488611728,-447.51592798110414
2011-07-25,3840.0,4131.793968665334,-223.5844682084917,-68.20950045684276
2011-07-26,4590.0,4168.342851081643,215.13349170186882,206.52365721648857
2011-07-27,4656.0,4230.572988404265,229.8284720429711,195.59853955276412
2011-07-28,4390.0,4297.340398843798,45.25013477105692,47.409466385145606
2011-07-29,3846.0,4357.357249130539,-340.7000909288227,-170.6571582017159
2011-07-30,4475.0,4405.325042296657,187.72110438898233,-118.04614668563863
2011-07-31,4302.0,4444.921821906525,-339.35508566042836,196.4332637539037
2011-08-01,4266.0,4474.022958070976,-176.88543413730147,-31.137523933673947
2011-08-02,4845.0,4490.371514274855,300.9472071914059,53.681278533738805
2011-08-03,3574.0,4497.411406775535,330.75865590619503,-1254.1700626817305
2011-08-04,4576.0,4494.110680250477,23.05778513295386,58.831534616569115
2011-08-05,4866.0,4482.642404975487,-14.078451050518721,397.4360460750322
2011-08-06,4294.0,4471.9133612457745,-111.17299841498439,-66.74036283079022
2011-08-07,3785.0,4467.93417755891,-473.395534836364,-209.53864272254577
2011-08-08,4326.0,4464.662095772733,-92.63397139513543,-46.02812437759712
2011-08-09,4602.0,4456.1887305690025,365.24704091264505,-219.43577148164786
2011-08-10,4780.0,4440.137043997429,396.41216053844306,-56.54920453587238
2011-08-11,4792.0,4423.8902402064305,-173.107123411805,541.2168832053749
2011-08-12,4905.0,4414.694339496913,124.58677222262268,365.71888828046394
2011-08-13,4150.0,4406.276057657023,-192.2483191968334,-64.02773846018954
2011-08-14,3820.0,4386.58356675422,-510.66163693415245,-55.92192982006691
2011-08-15,4338.0,4350.480844401536,22.178515798556816,-34.65936020009303
2011-08-16,4725.0,4309.826029175227,486.01466309610066,-70.8406922713275
2011-08-17,4694.0,4294.598459061576,429.0150304260866,-29.613489487663173
2011-08-18,3805.0,4313.921511739218,-498.338200480955,-10.583311258263166
2011-08-19,4153.0,4355.320554769603,146.7932209177579,-349.11377568736134
2011-08-20,5191.0,4398.697932917061,-184.68936047909992,976.9914275620395
2011-08-21,3873.0,4440.248654846674,-395.33032631654646,-171.91832853012784
2011-08-22,4758.0,4484.449821107692,123.6542914278723,149.89588746443587
2011-08-23,5895.0,4528.59617864967,641.6319351427658,724.7718862075644
2011-08-24,5130.0,4567.562126602338,505.08219785233626,57.35567554532554
2011-08-25,3542.0,4593.470798048653,-1036.8007796838808,-14.67001836477175
2011-08-26,4661.0,4603.176694460294,68.98277149515368,-11.159465955447558
2011-08-27,1188.5,4603.318364847464,-95.14476974347426,-3319.67359510399
2011-08-28,4371.0,4596.098474702513,-189.1121500651026,-35.98632463741069
2011-08-29,4634.0,4593.131503233413,96.02173949040207,-55.15324272381531
2011-08-30,5204.0,4603.750177809337,580.5609470632313,19.688875127430947
2011-08-31,5058.0,4624.9051350377495,440.63102523990244,-7.536160277652016
2011-09-01,5115.0,4656.960447319679,-883.7658547278281,1341.8054074081492
2011-09-02,4727.0,4697.959879963926,112.73078987333561,-83.69066983726134
2011-09-03,4484.0,4745.08880771598,-84.15908083296225,-176.9297268830178
2011-09-04,4940.0,4812.50611648364,-46.72656814450545,174.22045166086536
2011-09-05,3351.0,4874.39258747377,42.20537631432726,-1565.5979637880969
2011-09-06,2715.0,4898.936250609399,324.5215622894173,-2508.457812898817
2011-09-07,1996.0,4915.948847528183,300.97813374489687,-3220.92698127308
2011-09-08,1845.0,4944.018118530631,-784.5855571644432,-2314.4325613661877
2011-09-09,3544.0,5007.272660902909,222.69572715348392,-1685.9683880563925
2011-09-10,5345.0,5086.7265289422785,117.31860973573043,140.9548613219913
2011-09-11,5046.0,5008.140119388114,66.55268895199093,-28.69280834010442
2011-09-12,4716.0,4872.867164864517,11.27378143714364,-168.14094630166073
2011-09-13,4763.0,4740.066362158168,-50.18562806348201,73.11926590531402
2011-09-14,4785.0,4624.706187934134,94.95290834884159,65.34090371702496
2011-09-15,3659.0,4530.7773735994115,-699.7308347810028,-172.0465388184084
2011-09-16,4760.0,4465.9247141289525,319.0017487315979,-24.9264628605506
2011-09-17,4511.0,4434.043743896728,400.6050192934444,-323.64876319017276
2011-09-18,4274.0,4432.663928655629,125.99424180080135,-284.6581704564305
2011-09-19,4539.0,4466.495299163217,-17.65130364267253,90.15600447945508
2011-09-20,3641.0,4516.41636822598,-341.7327816489522,-533.6835865770272
2011-09-21,4352.0,4561.463720220798,-264.6362363873072,55.17251616650901
2011-09-22,4795.0,4603.181275035448,-267.40402154712217,459.2227465116739
2011-09-23,2395.0,4648.056750400213,347.5632299974131,-2600.619980397626
2011-09-24,5423.0,4691.62096769063,506.93009406845476,224.44893824091469
2011-09-25,5010.0,4727.961595335967,259.61782855128047,22.420576112752315
2011-09-26,4630.0,4749.100342226004,52.87486577184452,-171.97520799784797
2011-09-27,4120.0,4751.315593656485,-449.47153236243446,-181.84406129405124
2011-09-28,3907.0,4758.414676782719,-810.5802161955054,-40.83446058721347
2011-09-29,4839.0,4776.2398492568045,-20.478745887104598,83.23889663029968
2011-09-30,5202.0,4791.156835557005,314.32511011735653,96.51805432563833
2011-10-01,2429.0,4795.123857946169,596.6286521983342,-2962.752510144503
2011-10-02,2918.0,4798.923677581952,420.09522554062573,-2301.0189031225773
2011-10-03,3570.0,4807.59421820564,111.47033811448854,-1349.0645563201283
2011-10-04,4456.0,4814.009558710354,-359.53113581498013,1.521577104625976
2011-10-05,4826.0,4807.704534787401,-1164.244419793977,1182.5398850065758
2011-10-06,4765.0,4802.646418236878,6.722520220803824,-44.36893845768191
2011-10-07,4985.0,4809.230991418094,247.63300957024776,-71.86400098834201
2011-10-08,5409.0,4810.40073511099,610.4016655016429,-11.802400612633392
2011-10-09,5511.0,4804.833070254019,524.3924395083136,181.77449023766712
2011-10-10,5117.0,4788.486004166115,153.35162204244656,175.16237379143877
2011-10-11,4563.0,4758.146985449088,-44.356713804136255,-150.79027164495164
2011-10-12,2416.0,4718.815135866389,-1372.3163860668462,-930.4987497995426
2011-10-13,2913.0,4672.599446906716,-10.818425844525901,-1748.7810210621906
2011-10-14,3644.0,4612.938225598098,162.42917905953794,-1131.3674046576361
2011-10-15,5217.0,4547.813151377049,507.87357843790954,161.3132701850418
2011-10-16,5041.0,4492.954697293745,512.9271570436944,35.11814566256089
2011-10-17,4570.0,4434.788454255685,223.9113939039142,-88.69984815959924
2011-10-18,4748.0,4355.662930281079,271.01145013762863,121.32561958129281
2011-10-19,2429.0,4284.8127965900685,-1668.8171901571156,-186.99560643295263
2011-10-20,4195.0,4231.482361005962,57.024052246240416,-93.50641325220204
2011-10-21,4304.0,4195.657108416508,115.88346701959988,-7.540575436108156
2011-10-22,4308.0,4176.003412564932,355.9134285520449,-223.91684111697668
2011-10-23,4381.0,4158.244760432833,196.5980911315771,26.15714843558999
2011-10-24,4187.0,4128.762665881302,106.618304997682,-48.3809708789845
2011-10-25,4687.0,4069.064907558859,383.340907973196,234.59418446794461
2011-10-26,3894.0,3994.3256284722147,-728.7141352246446,628.3885067524297
2011-10-27,2659.0,3937.729985562708,-79.32182647239873,-1199.4081590903093
2011-10-28,3747.0,3906.0073042764884,-11.74153533150639,-147.26576894498203
2011-10-29,627.0,3880.3716712279384,176.7416414091215,-3430.1133126370596
2011-10-30,3331.0,3845.5683675059963,-75.27384266796166,-439.2945248380347
2011-10-31,3669.0,3816.1305002905706,89.12993026663877,-236.26043055720947
2011-11-01,4068.0,3828.02403282793,385.35176245269446,-145.37579528062452
2011-11-02,4186.0,3860.270592538296,-37.88167542635796,363.6110828880619
2011-11-03,3974.0,3891.294596412724,-308.03877138147413,390.7441749687505
2011-11-04,4046.0,3917.8257989011913,-156.42231408706056,284.5965151858695
2011-11-05,3926.0,3927.9178800590894,86.41878502527007,-88.33666508435954
2011-11-06,3649.0,3910.852025368389,-190.50775399113056,-71.34427137725879
2011-11-07,4035.0,3873.0575717500005,255.53881470472507,-93.59638645472569
2011-11-08,4205.0,3834.313247847229,355.0548493449593,15.631902807811912
2011-11-09,4109.0,3815.4207925509913,123.2826903608011,170.29651708820757
2011-11-10,2933.0,3818.0539009162326,-496.5073246628649,-388.5465762533677
2011-11-11,3368.0,3829.845406902278,-211.94787588840035,-249.8975310138776
2011-11-12,4067.0,3830.862494873131,108.19582198443187,127.94168314243734
2011-11-13,3717.0,3814.1180085361702,-124.72156139695382,27.603552860783566
2011-11-14,4486.0,3788.9007197675996,438.9337160709587,258.1655641614416
2011-11-15,4195.0,3765.590762798146,183.23238411513924,246.1768530867148
2011-11-16,1817.0,3738.5098480149177,28.093592312172383,-1949.60344032709
2011-11-17,3053.0,3687.5683471025486,-474.4213631220495,-160.14698398049904
2011-11-18,3392.0,3598.6310061524964,-200.96276633768645,-5.668239814810022
2011-11-19,3663.0,3478.3296640683757,121.4823461427985,63.18798978882569
2011-11-20,3520.0,3360.275278915753,-37.87832334069099,197.60304442493816
2011-11-21,2765.0,3276.5228834174636,523.7564265167952,-1035.279309934259
2011-11-22,1607.0,3222.0360544579003,-89.50128714074737,-1525.534767317153
2011-11-23,2566.0,3180.994160940239,-52.2371642072316,-562.7569967330073
2011-11-24,1495.0,3125.533195965543,-279.4464618435784,-1351.0867341219648
2011-11-25,2792.0,3048.1128987914035,-44.245336423115766,-211.8675623682875
2011-11-26,3068.0,3030.9471604072296,85.38438864339763,-48.33154905062702
2011-11-27,3071.0,3140.9926018362517,-54.31993583759756,-15.672665998653883
2011-11-28,3876.0,3270.0369814097503,508.66395544050397,97.29906314974596
2011-11-29,2914.0,3378.020139885574,-436.78620649069495,-27.23393339487893
2011-11-30,3613.0,3459.0083763888306,-9.07345152507995,163.06507513624956
2011-12-01,3727.0,3517.384172085959,3.7288121636054097,205.8870157504357
2011-12-02,3940.0,3552.867924639372,172.492119268711,214.6399560919167
2011-12-03,3614.0,3551.0393101167715,17.54782018863606,45.412869694592246
2011-12-04,3485.0,3517.4005643903192,-167.51748401569748,135.11691962537816
2011-12-05,3811.0,3468.527590664522,352.1596179412618,-9.68720860578378
2011-12-06,2594.0,3410.5674674293778,-818.4090111294587,1.8415437000808197
2011-12-07,705.0,3350.931700866534,257.7534524305974,-2903.6851532971314
2011-12-08,3322.0,3295.505352321904,288.4169733796204,-261.9223257015242
2011-12-09,3620.0,3254.3236237361098,353.59821682477354,12.078159439116462
2011-12-10,3190.0,3229.275187241708,-55.91175649923641,16.636569257528663
2011-12-11,2743.0,3213.807613691106,-293.8954738923171,-176.91213979878876
2011-12-12,3310.0,3195.220312205796,31.244012863011463,83.53567493119272
2011-12-13,3523.0,3166.419987605418,-801.9641981204717,1158.5442105150532
2011-12-14,3740.0,3128.987201397677,388.7249764599324,222.28782214239072
2011-12-15,3709.0,3077.8044736961074,448.70719149379767,182.48833481009478
2011-12-16,3577.0,3000.1538417790443,432.25450765648594,144.59165056446955
2011-12-17,2739.0,2899.96616048288,-39.941330304724644,-121.0248301781553
2011-12-18,2431.0,2774.0740095239285,-305.0566645031216,-38.017345020806715
2011-12-19,3403.0,2630.9307232281944,-244.91656613770581,1016.9858429095116
2011-12-20,3750.0,2485.6158778898834,-795.8497544309248,2060.2338765410414
2011-12-21,2660.0,2358.94393827815,375.26355919910407,-74.20749747725404
2011-12-22,3068.0,2266.4532692623748,521.3810610089878,280.16566972863757
2011-12-23,2209.0,2191.9118870572306,571.9271224968745,-554.8390095541051
2011-12-24,1011.0,2127.7282805509517,49.78273949060921,-1166.5110200415609
2011-12-25,756.5,2091.836568283252,-174.0098679766934,-1161.3267003065585
2011-12-26,1321.5,2074.6692460683503,-455.9844101212488,-297.1848359471014
2011-12-27,1162.0,2060.750782311796,-875.3911665036198,-23.35961580817593
2011-12-28,2308.5,2083.5187157636724,136.58879566015216,88.39248857617531
2011-12-29,2423.0,2170.7910001597365,581.3637447639169,-329.1547449236534
2011-12-30,2999.0,2265.606702679655,629.0731687325787,104.32012858776625
2011-12-31,2485.0,2352.4350384106174,-19.477185984165637,152.0421475735484
2012-01-01,2294.0,2445.1142290734106,-122.33197010062918,-28.782258972781165
2012-01-02,1956.5,2550.094945788359,-676.2562646808507,82.66131889249164
2012-01-03,2236.0,2672.5706068444206,-368.58342692324,-67.98717992118054
2012-01-04,2368.0,2791.3421426567756,194.07543317379262,-617.4175758305682
2012-01-05,3272.0,2900.2118878429674,532.799658990898,-161.0115468338654
2012-01-06,4098.0,3008.65323992863,540.1067154188962,549.2400446524739
2012-01-07,4521.0,3110.1368555852737,-182.2698771523166,1593.1330215670428
2012-01-08,3425.0,3181.1174560730383,-246.55660448403094,490.43914841099286
2012-01-09,2376.0,3229.038768664204,-686.4737224216859,-166.56504624251784
2012-01-10,3602.0,3249.4489495061425,23.2095098116096,329.3415406822478
2012-01-11,2177.0,3227.173674572752,310.85660207514894,-1361.030276647901
2012-01-12,4097.0,3157.64915914706,545.4327345872725,393.9181062656676
2012-01-13,3214.0,3078.516720928079,407.89271915918937,-272.4094400872682
2012-01-14,2493.0,3005.9763893840573,-498.5975627908038,-14.378826593253507
2012-01-15,2311.0,2938.5618039358324,-470.1230634608011,-157.4387404750314
2012-01-16,2298.0,2878.7945873594567,-631.2736406542599,50.47905329480318
2012-01-17,2942.0,2841.7136342405156,392.731411560103,-292.4450458006186
2012-01-18,3376.0,2828.8039042573505,499.3406468227123,47.85544891993732
2012-01-19,3292.0,2855.5116723427113,536.2202717203558,-99.7319440630672
2012-01-20,3163.0,2920.9810935657256,198.02551397648082,43.99339245779356
2012-01-21,1301.0,3008.5405783933716,-652.8789041885794,-1054.6616742047922
2012-01-22,1977.0,3098.897077724354,-643.4338735536359,-478.4632041707182
2012-01-23,2432.0,3191.384284714052,-468.28664578361435,-291.09763893043737
2012-01-24,4339.0,3288.592824830253,576.0564809752498,474.35069419449746
2012-01-25,4270.0,3396.053498609846,732.4576843655352,141.48881702461904
2012-01-26,4075.0,3507.3802279683914,375.30206202065455,192.31771001095422
2012-01-27,3456.0,3606.358352466936,159.71912450399998,-310.077476970936
2012-01-28,4023.0,3678.2974445636974,-837.2797177271353,1181.9822731634376
2012-01-29,3243.0,3723.7468316455365,-741.4800655791618,260.73323393362534
2012-01-30,3624.0,3752.3849492183663,-276.04812554747394,147.6631763291075
2012-01-31,4509.0,3779.492778628533,680.3396472650737,49.167574106393204
2012-02-01,4579.0,3801.742781960073,762.2584640851808,14.998753954746007
2012-02-02,3761.0,3807.9167203722895,231.6742673768486,-278.5909877491381
2012-02-03,4151.0,3797.120185059754,214.1177790228125,139.76203591743342
2012-02-04,2832.0,3776.668536011482,-954.6062406144168,9.9377046029349
2012-02-05,2947.0,3748.3091233622627,-751.6038146459174,-49.70530871634537
2012-02-06,3786.5,3713.153278657855,-148.6877962278038,222.034517569949
2012-02-07,4375.0,3674.5743505340793,609.5085063601834,90.91714310573707
2012-02-08,2802.0,3635.230438964299,794.7675288656733,-1627.9979678299724
2012-02-09,3830.0,3595.9212238955956,394.90352492205113,-160.82474881764665
2012-02-10,3831.0,3553.5783377531416,222.56755000078715,54.854112246071054
2012-02-11,2169.0,3509.3317649283026,-1166.8708336507773,-173.46093127752556
2012-02-12,1529.0,3478.347619444893,-746.9255344364428,-1202.4220850084503
2012-02-13,3422.0,3476.2065595408512,-107.27662736662245,53.070067825771275
2012-02-14,3922.0,3482.9614013631062,465.1389318374663,-26.10033320057255
2012-02-15,4169.0,3474.788720980057,860.4935680269585,-166.2822890070156
2012-02-16,3005.0,3467.351712974621,689.5832327875452,-1151.934945762166
2012-02-17,4154.0,3480.6283367276724,39.37544100694684,633.9962222653808
2012-02-18,4318.0,3512.1225714126253,-1207.7280010466077,2013.605429633982
2012-02-19,2689.0,3548.08511311048,-719.787609822768,-139.29750328771206
2012-02-20,3136.0,3584.209650317148,-142.61041977477979,-305.5992305423679
2012-02-21,3779.5,3625.5106512160182,336.79591991262447,-182.80657112864264
2012-02-22,4773.0,3685.374772351226,868.851618567192,218.77360908158198
2012-02-23,5062.0,3769.561047971207,966.4366962211498,326.00225580764345
2012-02-24,3487.0,3864.0738443274945,-159.2665984815036,-217.80724584599102
2012-02-25,2732.0,3931.769279523592,-1136.8159745235594,-62.95330500003274
2012-02-26,3389.0,3958.3676712792394,-615.443917578468,46.07624629922884
2012-02-27,4322.0,3956.263632276064,-209.18304710752645,574.9194148314623
2012-02-28,4363.0,3938.972714869573,217.79520238938883,206.23208274103854
2012-02-29,1849.5,3916.752834903372,814.737107632088,-2881.9899425354597
2012-03-01,4990.0,3899.068849694712,1085.3079854452335,5.623164860054658
2012-03-02,3194.0,3890.1475449190984,-341.13368160621394,-355.0138633128845
2012-03-03,4066.0,3889.1912153196586,-1014.3723204836664,1191.1811051640075
2012-03-04,3423.0,3915.6630884421256,-432.7763619809273,-59.88672646119812
2012-03-05,3333.0,3991.9694691226523,-165.13924731826057,-493.83022180439184
2012-03-06,3956.0,4121.304564521737,170.07265283913097,-335.37721736086814
2012-03-07,4916.0,4285.625666364035,702.1807906907437,-71.80645705477855
2012-03-08,5382.0,4492.779776200174,865.3623718707059,23.857851929120443
2012-03-09,4569.0,4723.982870273721,-246.49152388375333,91.50865361003162
2012-03-10,4118.0,4950.634453733304,-835.4310605769798,2.796606843675363
2012-03-11,4974.5,5166.290188019411,-330.5403053177281,138.75011729831658
2012-03-12,5298.0,5356.471744277979,-123.88812080583703,65.41637652785812
2012-03-13,5847.0,5513.195507963416,66.01872728455076,267.7857647520332
2012-03-14,6312.0,5647.594403748915,506.05642148067056,158.3491747704138
2012-03-15,6192.0,5762.164723631392,743.340717571612,-313.505441203004
2012-03-16,4378.0,5852.008162765494,-292.1102679823151,-1181.8978947831783
2012-03-17,7836.0,5925.323955945211,-449.44787142833627,2360.1239154831246
2012-03-18,5892.0,5990.983348810788,-311.6124735070067,212.62912469621915
2012-03-19,6153.0,6049.918771924064,-71.43408027710113,174.51530835303765
2012-03-20,6093.0,6070.273244092588,-60.251111366798575,82.97786727421044
2012-03-21,6230.0,6016.909419883823,337.4537969064855,-124.3632167903088
2012-03-22,6871.0,5921.244728058376,591.6709689081235,358.0843030335009
2012-03-23,8362.0,5830.012620873408,-209.6636979952691,2741.651077121861
2012-03-24,3372.0,5756.15983936167,-64.96344516425937,-2319.1963941974104
2012-03-25,4996.0,5692.572059246284,-356.9959074928072,-339.57615175347655
2012-03-26,5558.0,5631.068760711327,-97.15138721889049,24.082626507563873
2012-03-27,5102.0,5584.1598029790175,-148.24992444579829,-333.90987853321894
2012-03-28,5698.0,5606.750001008894,219.67019894379726,-128.4201999526913
2012-03-29,6133.0,5703.910212275273,484.0029870973198,-54.91319937259232
2012-03-30,5459.0,5812.326428198747,-238.6127271399857,-114.71370105876122
2012-03-31,6235.0,5908.533191136375,358.99378501489474,-32.52697615126908
2012-04-01,6041.0,6000.636731636807,-447.1314732148295,487.4947415780225
2012-04-02,5940.5,6087.777320417005,-231.4118654471361,84.13454503013054
2012-04-03,6772.0,6152.4022370842395,-219.71909854578828,839.3168614615488
2012-04-04,6436.0,6187.550235130583,213.30156922059425,35.148195648822366
2012-04-05,6457.0,6197.474133690863,291.3772046062375,-31.851338297100483
2012-04-06,6460.0,6180.97864312335,-48.566119544020545,327.587476420671
2012-04-07,6857.0,6149.135394853157,556.115849341623,151.74875580521984
2012-04-08,5169.0,6141.331505322674,-346.93483499803733,-625.396670324637
2012-04-09,5585.0,6179.169807750535,-373.6234160559101,-220.54639169462553
2012-04-10,5918.0,6244.417159328701,-230.06775001653494,-96.34940931216624
2012-04-11,4876.5,6322.367241904745,154.5801046138622,-1600.4473465186074
2012-04-12,5409.0,6409.871786949932,120.00705234799901,-1120.8788392979313
2012-04-13,6398.0,6512.415061343619,118.08274248059584,-232.49780382421432
2012-04-14,7460.0,6613.415479903549,546.4938002951528,300.0907198012983
2012-04-15,7132.0,6695.527369018806,-208.81990959848386,645.2925405796777
2012-04-16,6370.0,6731.7642724565085,-459.5754674631765,97.81119500666773
2012-04-17,6691.0,6713.970126574387,-274.98881589052695,252.0186893161399
2012-04-18,4367.0,6660.487546961785,120.71648484281381,-2414.2040318045983
2012-04-19,6565.0,6576.920724235172,80.62846298662961,-92.54918722180173
2012-04-20,7290.0,6484.88002410745,144.71011070496812,660.409865187582
2012-04-21,6624.0,6391.188000641594,523.723386960193,-290.9113876017873
2012-04-22,1027.0,6303.082592708642,-51.14195302985756,-5224.940639678784
2012-04-23,3214.0,6224.09684582645,-439.72274414347305,-2570.3741016829767
2012-04-24,5633.0,6167.479006142962,-387.6219948849828,-146.85701125797914
2012-04-25,6196.0,6120.935393007495,53.603833944243775,21.460773048261217
2012-04-26,5026.0,6094.022494961659,54.219017496960895,-1122.2415124586196
2012-04-27,6233.0,6097.939401235166,173.7273072038761,-38.66670843904194
2012-04-28,4220.0,6115.810619586865,516.830857549564,-2412.641477136429
2012-04-29,6304.0,6133.4212015393205,141.21515491705196,29.363643543627404
2012-04-30,5572.0,6148.810186422744,-384.21316233484947,-192.59702408789417
2012-05-01,5740.0,6166.412738771089,-546.5442501751402,120.13151140405171
2012-05-02,6169.0,6191.998314494241,-65.89503460009564,42.89672010585491
2012-05-03,6421.0,6221.732203337755,117.7376986864726,81.53009797577215
2012-05-04,6296.0,6251.332542746639,251.87278382798294,-207.20532657462172
2012-05-05,6883.0,6278.605713399437,618.8210449179959,-14.426758317433269
2012-05-06,6359.0,6308.910665541045,-24.894062540827473,74.9833969997826
2012-05-07,6273.0,6340.508364030971,-101.58177881672214,34.07341478575108
2012-05-08,5728.0,6369.3791806631125,-600.133421706787,-41.24575895632552
2012-05-09,4717.0,6395.043250360914,-537.5161498450685,-1140.5271005158447
2012-05-10,6572.0,6413.280553487545,224.58499167387697,-65.86554516142223
2012-05-11,7030.0,6434.676488359382,365.6220565775007,229.70145506311655
2012-05-12,7429.0,6511.835419192757,916.7723370709308,0.3922437363116842
2012-05-13,6118.0,6616.953258317133,-8.398586094991554,-490.55467222214156
2012-05-14,2843.0,6710.786890924945,-333.2561815676124,-3534.5307093573324
2012-05-15,5115.0,6794.541485909454,-641.7894369876768,-1037.7520489217777
2012-05-16,7424.0,6868.70459741811,-739.1549725383742,1294.4503751202637
2012-05-17,7384.0,6937.406769612741,298.59605065164266,147.99717973561565
2012-05-18,7639.0,7025.710993299053,469.66118859260706,143.62781810833985
2012-05-19,8294.0,7036.136320871336,1057.665274963114,200.19840416555053
2012-05-20,7129.0,6933.369417365675,57.42836926654209,138.20221336778286
2012-05-21,4359.0,6810.2249743160155,-315.8605718828713,-2135.3644024331443
2012-05-22,6073.0,6703.786344339973,-627.6379229291282,-3.1484214108450033
2012-05-23,5260.0,6620.192832829721,-1160.4928743220935,-199.69995850762734
2012-05-24,6770.0,6547.609364344496,371.42225597838285,-149.03162032287855
2012-05-25,6734.0,6506.009517745458,515.060350830414,-287.0698685758716
2012-05-26,6536.0,6517.101313005045,1003.954453612761,-985.0557666178065
2012-05-27,6591.0,6574.230242455597,112.91608619035037,-96.1463286459475
2012-05-28,6043.0,6662.033639549314,-515.770959795028,-103.26267975428618
2012-05-29,5743.0,6774.65027557561,-594.1046466909212,-437.545628884689
2012-05-30,6855.0,6901.788161319248,-614.7894055001443,568.0012441808967
2012-05-31,7338.0,7032.746589014844,300.448939950216,4.8044710349395245
2012-06-01,4127.0,7148.519080027487,452.9725525941698,-3474.4916326216567
2012-06-02,8120.0,7246.125094723436,790.3832680053943,83.49163727116957
2012-06-03,7641.0,7323.661092291035,-39.963976735781856,357.3028844447472
2012-06-04,6998.0,7361.30360384243,-480.06575783342237,116.76215399099237
2012-06-05,7001.0,7353.113601844646,-553.1819035147954,201.0683016701496
2012-06-06,7055.0,7314.475772059038,-166.96321480321285,-92.51255725582541
2012-06-07,7494.0,7254.947434354357,211.91467192130776,27.1378937243353
2012-06-08,7736.0,7206.072733510068,426.8371931338301,103.09007335610204
2012-06-09,7498.0,7178.871114703531,539.8281450126342,-220.69925971616522
2012-06-10,6598.0,7167.635868044946,-180.82547896609492,-388.8103890788507
2012-06-11,6664.0,7168.176548962533,-463.4989515429373,-40.67759741959617
2012-06-12,4972.0,7179.874571319637,-372.4882984119218,-1835.3862729077146
2012-06-13,7421.0,7201.858999378976,94.48257826192227,124.65842235910259
2012-06-14,7363.0,7230.009599228337,168.05193717940992,-35.061536407746644
2012-06-15,7665.0,7253.825154962315,399.2669042091055,11.90794082857974
2012-06-16,7702.0,7251.099568999011,251.11953938368012,199.78089161730895
2012-06-17,6978.0,7231.43684152817,-354.4667208591347,101.02987933096483
2012-06-18,5099.0,7261.776620168872,-398.5962241960405,-1764.1803959728313
2012-06-19,6825.0,7296.114276466903,-114.4948331492052,-356.6194433176979
2012-06-20,6211.0,7295.649103561019,377.1687945761795,-1461.8178981371984
2012-06-21,5905.0,7274.468447611981,144.49427259471673,-1513.9627202066977
2012-06-22,5823.0,7244.299140735158,278.26803571954383,-1699.5671764547023
2012-06-23,7458.0,7242.914338535834,-140.37014883622766,355.45581030039375
2012-06-24,6891.0,7249.280052402379,-496.65447370754066,138.3744213051623
2012-06-25,6779.0,7188.278271913945,-257.565788713649,-151.71248320029554
2012-06-26,7442.0,7032.633618373846,95.91286308265548,313.45351854349883
2012-06-27,7335.0,6867.5586829483755,680.8744387995822,-213.43312174795756
2012-06-28,6879.0,6726.535538850608,128.22008656108994,24.24437458830198
2012-06-29,5463.0,6609.116118466551,164.05842568971855,-1310.174544156269
2012-06-30,5687.0,6506.004164995629,-661.499158695795,-157.50500629983435
2012-07-01,5531.0,6412.701263127444,-498.69559965795264,-383.0056634694911
2012-07-02,6227.0,6331.241456623884,-18.35655928741768,-85.88489733646657
2012-07-03,6660.0,6274.188276521705,285.7510415223427,100.06068195595253
2012-07-04,7403.0,6245.864923581281,950.2261980211998,206.9088783975194
2012-07-05,6241.0,6233.038733816028,131.59213619439024,-123.63087001041822
2012-07-06,6207.0,6219.36495790733,61.40312323835558,-73.76808114568576
2012-07-07,4840.0,6200.285413660416,-1338.6507029003594,-21.634710760056805
2012-07-08,4672.0,6175.985149634845,-466.16286373511844,-1037.822285899726
2012-07-09,6569.0,6165.056903138932,211.45196296101648,192.49113390005095
2012-07-10,6290.0,6198.762295888077,358.5510515436107,-267.31334743168736
2012-07-11,7264.0,6249.9207238234585,1089.5042325054947,-75.42495632895316
2012-07-12,7446.0,6290.839578917683,34.557762455081914,1120.6026586272355
2012-07-13,7499.0,6330.699650701987,-215.94344798677102,1384.2437972847847
2012-07-14,6969.0,6373.99590639025,-902.1975615739611,1497.2016551837114
2012-07-15,6031.0,6418.262547401499,-467.3899643684091,80.12741696690955
2012-07-16,6830.0,6470.974257544282,239.6098349043093,119.41590755140805
2012-07-17,6786.0,6497.483903755015,333.46376643616514,-44.947670191179895
2012-07-18,5713.0,6516.576810944066,1026.1248307619217,-1829.7016417059876
2012-07-19,6591.0,6581.116552135647,-23.638797193370834,33.52224505772392
2012-07-20,5870.0,6659.359738004175,-271.5011791139383,-517.858558890236
2012-07-21,4459.0,6721.148741953804,-712.5648941417777,-1549.5838478120268
2012-07-22,7410.0,6776.115282220516,-556.5907550663421,1190.4754728458265
2012-07-23,6966.0,6842.53521982404,189.3488443831634,-65.88406420720275
2012-07-24,7592.0,6922.81162409853,341.8212094055593,327.3671664959111
2012-07-25,8173.0,7005.453499966089,909.9087955939824,257.6377044399287
2012-07-26,6861.0,7059.396789167654,25.048236369003156,-223.44502553665734
2012-07-27,6904.0,7065.921759658824,-250.56151185726358,88.63975219843906
2012-07-28,6685.0,7054.6625507653935,-320.67843601824706,-48.98411474714612
2012-07-29,6597.0,7042.803154998004,-889.551958889534,443.74880389152986
2012-07-30,7105.0,7032.853774828307,105.86432896185696,-33.718103790163696
2012-07-31,7216.0,7023.062264011459,330.6503669193197,-137.7126309307787
2012-08-01,7580.0,7009.167526801556,798.9281468735114,-228.0956736750677
2012-08-02,7261.0,6988.752899553536,224.99926110838896,47.24783933807521
2012-08-03,7175.0,6967.881135284544,83.32608750839123,123.79277720706432
2012-08-04,6824.0,6950.773850653714,-336.64649312377423,209.87264247005987
2012-08-05,5464.0,6937.821527151886,-1261.7978510168998,-212.0236761349861
2012-08-06,7013.0,6917.385491138695,74.83359819647448,20.780910664830117
2012-08-07,7273.0,6887.122925683839,270.6225035828945,115.25457073326652
2012-08-08,7534.0,6856.441708320497,692.4159870124104,-14.857695332907497
2012-08-09,7286.0,6825.431549070462,524.7530934457891,-64.18464251625119
2012-08-10,5786.0,6796.549653142962,340.9146135597037,-1351.4642667026656
2012-08-11,6299.0,6773.4094236406945,-440.6056087999662,-33.80381484072859
2012-08-12,6544.0,6749.074081230972,-1572.9234353209076,1367.8493540899353
2012-08-13,6883.0,6724.8934096351195,45.62267914955049,112.48391121533041
2012-08-14,6784.0,6701.0876419251745,244.00757377734337,-161.09521570251763
2012-08-15,7347.0,6673.679922456161,680.0687269249339,-6.748649381094765
2012-08-16,7605.0,6651.4707772185,766.2715486425948,187.2576741389048
2012-08-17,7148.0,6643.247790531207,523.402071571841,-18.64986210304778
2012-08-18,7865.0,6648.679701821836,-562.6816771370306,1779.0019753151946
2012-08-19,4549.0,6663.016873458568,-1696.1404041920848,-417.8764692664827
2012-08-20,6530.0,6677.741543220358,-35.115187300801374,-112.62635591955677
2012-08-21,7006.0,6691.7464285911765,209.89487713302458,104.35869427579928
2012-08-22,7375.0,6718.270650666002,671.3599478641999,-14.630598530202406
2012-08-23,7765.0,6763.243082527201,920.5017109640308,81.25520650876751
2012-08-24,7582.0,6814.593289913328,606.2904336080459,161.1162764786268
2012-08-25,6053.0,6858.60209499866,-665.199982068401,-140.40211293025823
2012-08-26,5255.0,6885.01035136393,-1548.9956174080567,-81.01473395587345
2012-08-27,6917.0,6892.9737374378365,-154.74328360793473,178.7695461700987
2012-08-28,7040.0,6889.211882004784,189.29245363838785,-38.504335643171544
2012-08-29,7697.0,6873.0707541122065,558.098234231302,265.8310116564917
2012-08-30,7713.0,6850.049481786008,758.4674501843398,104.4830680296518
2012-08-31,7350.0,6823.476141005938,533.4577389603955,-6.933879966333734
2012-09-01,6140.0,6792.8346566538285,-443.78673836388526,-209.04791828994348
2012-09-02,5810.0,6772.001345911327,-1096.421570650845,134.42022473951783
2012-09-03,6034.0,6767.002575158874,-276.37250773310404,-456.63006742577
2012-09-04,6864.0,6793.502241972826,134.30645362746608,-63.808695600291685
2012-09-05,7112.0,6892.4469047079465,364.8262576429936,-145.27316235093986
2012-09-06,6203.0,7029.005694300958,475.76137738251526,-1301.7670716834728
2012-09-07,7504.0,7150.315886796144,427.78110635009114,-74.09699314623504
2012-09-08,5976.0,7259.770511988651,-24.5008525622301,-1259.2696594264216
2012-09-09,8227.0,7378.256263353785,-689.7347545040137,1538.4784911502293
2012-09-10,7525.0,7503.469282718056,-417.16146705473074,438.6921843366745
2012-09-11,7767.0,7620.341394079632,50.712742471440926,95.94586344892741
2012-09-12,7870.0,7696.56368631872,154.3028014577996,19.133512223480466
2012-09-13,7804.0,7720.006102508904,194.60928861088223,-110.61539111978618
2012-09-14,8009.0,7698.185915387336,321.41629570789104,-10.602211095226266
2012-09-15,8714.0,7680.206593113886,366.60023819639616,667.1931686897187
2012-09-16,7333.0,7680.255348843547,-406.4971218743142,59.241773030767035
2012-09-17,6869.0,7688.385039422416,-469.09407890246825,-350.2909605199484
2012-09-18,4073.0,7701.9799912436765,-46.89802292546254,-3582.0819683182144
2012-09-19,7591.0,7717.954589953881,46.184517369853744,-173.1391073237346
2012-09-20,7720.0,7732.298008735464,-49.88127634873561,37.583267613272255
2012-09-21,8167.0,7748.15055549835,252.1598143947779,166.68963010687276
2012-09-22,8395.0,7761.426862047072,799.5615300369042,-165.98839208397658
2012-09-23,7907.0,7755.801294872058,-313.673085403171,464.8717905311123
2012-09-24,7436.0,7729.44101641148,-548.3658625023895,254.92484609090934
2012-09-25,7538.0,7693.347264093549,-165.7401465303448,10.392882436795844
2012-09-26,7733.0,7647.719556095686,73.35698296020627,11.923460944107319
2012-09-27,7393.0,7592.025491335598,-56.79358989585503,-142.23190143974352
2012-09-28,7415.0,7534.329326912365,269.13769048072305,-388.4670173930881
2012-09-29,8555.0,7485.310752783872,718.3652126387951,351.3240345773329
2012-09-30,6889.0,7458.442504431666,-379.7373675790652,-189.70513685260084
2012-10-01,6778.0,7446.698204738443,-666.1543370233929,-2.5438677150496005
2012-10-02,4639.0,7444.164929431731,5.046823908773614,-2810.2117533405053
2012-10-03,7572.0,7446.620414049715,165.90212852139982,-40.52254257111417
2012-10-04,7328.0,7448.494830161977,13.280192082357829,-133.77502224433465
2012-10-05,8156.0,7452.200923246441,208.53698418573114,495.2620925678284
2012-10-06,7965.0,7452.358818627316,641.1435551194788,-128.50237374679546
2012-10-07,3510.0,7437.161190316081,-488.830754307025,-3438.330436009056
2012-10-08,5478.0,7409.2186900212855,-701.6408304663131,-1229.5778595549727
2012-10-09,6392.0,7376.037858211727,96.88362179710434,-1080.921480008832
2012-10-10,7691.0,7338.100259681939,220.90481627827134,131.99492403979002
2012-10-11,7570.0,7297.34792368036,74.53773835417458,198.1143379654659
2012-10-12,7282.0,7263.226709533837,214.61306833716498,-195.8397778710014
2012-10-13,7109.0,7236.310488658885,611.4494692136835,-738.7599578725685
2012-10-14,6639.0,7223.13115383484,-604.5120402691965,20.3808864343564
2012-10-15,5875.0,7223.934024119672,-711.7864395020581,-637.1475846176145
2012-10-16,7534.0,7236.675465451365,275.3675991452461,21.956935403388343
2012-10-17,7461.0,7268.068248664378,159.01112465474034,33.92062668088147
2012-10-18,7509.0,7315.97934354702,111.84424334825121,81.17641310472845
2012-10-19,5424.0,7366.2392683778135,189.16405591405658,-2131.4033242918704
2012-10-20,8090.0,7404.508478110169,668.765840100032,16.725681789799637
2012-10-21,6824.0,7425.615815992388,-587.0461500400526,-14.569665952335527
2012-10-22,7058.0,7426.566438061016,-635.1531454872494,266.58670742623326
2012-10-23,7466.0,7410.807769421772,150.82415344597047,-95.6319228677421
2012-10-24,7693.0,7373.776273645409,-37.36226416843077,356.5859905230218
2012-10-25,7359.0,7300.328972762997,70.1125053973036,-11.441478160300903
2012-10-26,7444.0,7133.267229222379,176.38937397401267,134.3433968036088
2012-10-27,7852.0,6922.880504884419,793.4910792616655,135.6284158539156
2012-10-28,4459.0,6723.843455135746,-559.4737736426721,-1705.3696814930736
2012-10-29,1229.1891891891892,6528.2199274481745,-347.0574388550959,-4951.9732994038895
2012-10-30,2372.810810810811,6337.114448625194,103.61859769206004,-4067.9222355064435
2012-10-31,5566.0,6146.286958044343,-219.87243346893433,-360.4145245754089
2012-11-01,5986.0,5942.763539694614,-53.31221585236486,96.54867615775038
2012-11-02,5847.0,5772.287203015267,218.31610186593787,-143.60330488120417
2012-11-03,5138.0,5682.477559192031,747.6655563194184,-1292.1431155114487
2012-11-04,5107.0,5630.266605896355,-571.9945710270445,48.72796513068897
2012-11-05,5259.0,5600.327437751108,-88.29652526382783,-253.03091248728015
2012-11-06,5686.0,5585.969853436328,155.03422224716743,-55.0040756834951
2012-11-07,5035.0,5601.680896357602,-317.77082333236876,-248.91007302523394
2012-11-08,5323.0,5657.100683968476,-146.01024517674068,-188.09043879173532
2012-11-09,5992.0,5708.299171869564,204.98560368199628,78.71522444843959
2012-11-10,6536.0,5724.315403955221,610.374810397568,201.30978564721136
2012-11-11,6852.0,5723.547130379022,-603.437093525478,1731.8899631464565
2012-11-12,6269.0,5715.917666916764,49.554044518386384,503.5282885648503
2012-11-13,4094.0,5703.559090906306,240.64708543783988,-1850.2061763441457
2012-11-14,5495.0,5677.718359197415,-261.67902394910675,78.96066475169118
2012-11-15,5445.0,5624.260907658817,-142.53891720852258,-36.72199045029447
2012-11-16,5698.0,5541.7242764171415,231.79103016589764,-75.51530658303909
2012-11-17,5629.0,5453.863940406951,342.8680786817869,-167.73201908873762
2012-11-18,4669.0,5378.801365096166,-681.6132942874111,-28.188070808754674
2012-11-19,5499.0,5319.624843731271,115.98786326441915,63.38729300430987
2012-11-20,5634.0,5275.992071216677,369.31298069445137,-11.30505191112843
2012-11-21,5146.0,5237.752295586797,-89.56842425335486,-2.183871333441857
2012-11-22,2425.0,5203.6400948957,-99.87657905871592,-2678.763515836984
2012-11-23,3910.0,5194.405063308406,236.2864040203016,-1520.6914673287079
2012-11-24,2277.0,5198.57494815278,125.41645224941468,-3046.991400402195
2012-11-25,2424.0,5195.577210966005,-740.0333723739092,-2031.5438385920957
2012-11-26,5087.0,5174.928610440102,69.48720662993075,-157.41581707003206
2012-11-27,3959.0,5153.691614129173,336.63345130848563,-1531.3250654376588
2012-11-28,5260.0,5191.4472514521985,55.533956531345666,13.018792016455336
2012-11-29,5330.0,5255.391040853582,-11.832388762772663,86.44134790919088
2012-11-30,5668.0,5320.75019786762,284.40958532735533,62.84021680502428
2012-12-01,5191.0,5365.967367558416,-1.4302997551492567,-173.53706780326684
2012-12-02,4649.0,5389.294303813845,-759.7870996079346,19.492795794089943
2012-12-03,6234.0,5403.772877406498,24.791939994093305,805.435182599409
2012-12-04,6606.0,5414.429551888696,261.8245079897448,929.7459401215592
2012-12-05,5729.0,5413.450315131056,128.3934411162993,187.1562437526445
2012-12-06,5375.0,5414.948251775368,129.15041042050944,-169.0986621958773
2012-12-07,5008.0,5416.41242829231,408.0792590568868,-816.4916873491975
2012-12-08,5582.0,5398.925357020057,0.17463504861017753,182.90000793133277
2012-12-09,3228.0,5366.349615079927,-712.9834702494375,-1425.3661448304902
2012-12-10,5170.0,5326.109237103973,152.08050132485073,-308.18973842882406
2012-12-11,5501.0,5269.55319939336,-63.73373919250908,295.1805397991493
2012-12-12,5319.0,5189.473369446086,-376.21265048593096,505.7392810398451
2012-12-13,5532.0,5066.423267685866,326.5096947562589,139.06703755787476
2012-12-14,5611.0,4903.850283798426,675.8825320757337,31.267184125840686
2012-12-15,5047.0,4693.584133319451,-106.4748364698366,459.890703150385
2012-12-16,3786.0,4423.329965804469,-509.96454999891745,-127.36541580555149
2012-12-17,4585.0,4106.832075076984,473.3109080001302,4.857016922885123
2012-12-18,5557.0,3770.5817191083665,-429.3038783007225,2215.722159192356
2012-12-19,5267.0,3436.847798815127,-801.599746389369,2631.751947574242
2012-12-20,4128.0,3124.769109677137,448.70433958606344,554.5265507367999
2012-12-21,3623.0,2834.4229353343553,954.7805518305096,-166.20348716486478
2012-12-22,1749.0,2557.4173356178167,-218.4002293332671,-590.0171062845495
2012-12-23,1787.0,2303.4528989658265,-268.02023730050206,-248.4326616653243
2012-12-24,926.0,2112.400040726309,816.1908937372373,-2002.590934463546
2012-12-25,1017.0,2005.2763936264953,-871.2083888130735,-117.0680048134218
2012-12-26,441.0,1911.4924572768866,-1250.051611726079,-220.44084555080758
2012-12-27,2114.0,1823.3766861332454,575.6121723560241,-284.98885848926943
2012-12-28,3095.0,1740.7525823195829,1252.1039611684334,102.14345651198369
2012-12-29,1341.0,1663.9790990739616,-348.0953785216223,25.116279447660645
2012-12-30,1796.0,1592.8513555717889,5.074718157028659,198.07392627118247
2012-12-31,2729.0,1526.7805010494253,1190.3383668455938,11.881132104980907
